timestamp,price_usd,market_cap_usd,price_change_pct,moving_avg_price,volatility_15m
2025-04-20 23:12:26,85013,1687882003766.9912,0.0,,
2025-04-20 23:13:40,84995,1687882003766.9912,-0.021173232329174674,,
2025-04-20 23:21:06,85145,1689773637446.7646,0.1764809694687841,,
2025-04-23 18:09:30,93465,1855860116131.2612,9.77156615185859,,
2025-04-23 18:10:31,93442,1855860116131.2612,-0.024608142085269513,,
2025-04-23 18:11:31,93442,1855860116131.2612,0.0,,
2025-04-23 18:12:31,93427,1855860116131.2612,-0.01605273859720535,89847.0,
2025-04-23 18:13:32,93413,1854788604084.5671,-0.014984961520758677,91047.0,
2025-04-23 18:14:32,93413,1854788604084.5671,0.0,92249.57142857143,
2025-04-23 18:15:32,93361,1854788604084.5671,-0.055666770149764844,93423.28571428571,
2025-04-23 18:16:33,93365,1854788604084.5671,0.004284444254021302,93409.0,
2025-04-23 18:17:33,93365,1854788604084.5671,0.0,93398.0,
2025-04-23 18:18:33,93385,1853964385466.2136,0.021421303486324206,93389.85714285714,
2025-04-23 18:19:34,93390,1853964385466.2136,0.00535417893665624,93384.57142857143,
2025-04-23 18:20:34,93390,1853964385466.2136,0.0,93381.28571428571,3459.087688697017
2025-04-23 18:21:34,93426,1855004156588.0583,0.03854802441374261,93383.14285714286,2933.614992429915
2025-04-23 18:22:35,93448,1855004156588.0583,0.02354804872304328,93395.57142857143,2134.1165072850945
2025-04-23 18:23:35,93448,1855004156588.0583,0.0,93407.42857142857,34.163472557893726
2025-04-23 18:24:35,93448,1855004156588.0583,0.0,93419.28571428571,32.52222683283446
2025-04-23 18:25:35,93448,1855004156588.0583,0.0,93428.28571428571,32.96636092218959
2025-04-23 18:26:36,93438,1855028794350.558,-0.010701138601143523,93435.14285714286,32.71522144746768
2025-04-23 18:27:36,93438,1855028794350.558,0.0,93442.0,33.21889881026139
2025-04-23 18:28:36,93459,1855028794350.558,0.02247479612149661,93446.71428571429,35.39612569698768
2025-04-23 18:29:37,93461,1855711950177.5903,0.0021399758182827355,93448.57142857143,37.33822246993174
2025-04-23 18:30:37,93461,1855711950177.5903,0.0,93450.42857142857,35.30614407712931
2025-04-23 18:31:37,93451,1855711950177.5903,-0.010699650121437365,93450.85714285714,31.726059591666548
2025-04-23 18:32:38,93454,1855711950177.5903,0.0032102385207233297,93451.71428571429,26.515943094038054
2025-04-23 18:32:56,93454,1855711950177.5903,0.0,93454.0,22.68248747748235
2025-04-23 18:33:38,93454,1855711950177.5903,0.0,93456.28571428571,17.94117371735899
2025-04-23 18:33:57,93466,1855553696722.917,0.012840541870873246,93457.28571428571,10.37487808644304
2025-04-23 18:34:38,93466,1855553696722.917,0.0,93458.0,8.69701646016618
2025-04-23 18:34:57,93466,1855553696722.917,0.0,93458.71428571429,9.195236866042181
2025-04-23 18:35:38,93485,1855553696722.917,0.02032824770503705,93463.57142857143,11.974973906863616
2025-04-23 18:35:57,93485,1855553696722.917,0.0,93468.0,13.755345283904267
2025-04-23 18:36:39,93534,1855553696722.917,0.052414825907898255,93479.42857142857,23.373367018549494
2025-04-23 18:36:57,93534,1855553696722.917,0.0,93490.85714285714,28.163299320934605
2025-04-23 18:37:39,93534,1855553696722.917,0.0,93500.57142857143,30.858663984786872
2025-04-23 18:37:58,93571,1857375334763.2292,0.03955780785596108,93515.57142857143,38.61248256189007
2025-04-23 18:38:39,93571,1857375334763.2292,0.0,93530.57142857143,43.810957534252545
2025-04-23 18:38:58,93571,1857375334763.2292,0.0,93542.85714285714,47.25079994355461
2025-04-23 18:39:40,93594,1857375334763.2292,0.02458026525311574,93558.42857142857,50.99365039904272
2025-04-23 18:39:58,93594,1857375334763.2292,0.0,93567.0,52.930952328037755
2025-04-23 18:40:40,93594,1857375334763.2292,0.0,93575.57142857143,53.06931675666834
2025-04-23 18:40:58,93603,1858515407735.7805,0.009616001025714027,93585.42857142857,52.17945226008414
2025-04-23 18:41:40,93603,1858515407735.7805,0.0,93590.0,50.66979940256052
2025-04-23 18:41:59,93625,1858515407735.7805,0.023503520186318738,93597.71428571429,49.12200554373436
2025-04-23 18:42:40,93625,1858515407735.7805,0.0,93605.42857142857,44.919292706034575
2025-04-23 18:42:59,93625,1858515407735.7805,0.0,93609.85714285714,40.74812294913012
2025-04-23 18:43:41,93645,1858515407735.7805,0.021361815754339375,93617.14285714286,35.38401576272659
2025-04-23 18:43:59,93645,1858515407735.7805,0.0,93624.42857142857,34.84209277067138
2025-04-23 18:44:41,93645,1858515407735.7805,0.0,93630.42857142857,32.53569468507611
2025-04-23 18:45:00,93675,1859921539712.2117,0.03203588018581005,93640.71428571429,31.52957795125079
2025-04-23 18:45:41,93675,1859921539712.2117,0.0,93647.85714285714,33.167683641844754
2025-04-23 18:46:00,93675,1859921539712.2117,0.0,93655.0,33.21244746683695
2025-04-23 18:46:42,93704,1859921539712.2117,0.030958099813194195,93666.28571428571,35.103656030932974
2025-04-23 18:47:00,93704,1859921539712.2117,0.0,93674.71428571429,37.31691816085986
2025-04-23 18:47:42,93704,1859921539712.2117,0.0,93683.14285714286,37.91569595922555
2025-04-23 18:48:00,93716,1859921539712.2117,0.012806283616484393,93693.28571428571,38.17528495015225
2025-04-23 18:48:42,93716,1859921539712.2117,0.0,93699.14285714286,37.7072684679153
2025-04-23 18:49:01,93739,1861106076507.3252,0.024542233983515516,93708.28571428571,37.96401805315675
2025-04-23 18:49:42,93739,1861106076507.3252,0.0,93717.42857142857,38.742495434019574
2025-04-23 18:50:01,93739,1861106076507.3252,0.0,93722.42857142857,37.906777884677055
2025-04-23 18:50:43,93744,1861106076507.3252,0.005333959184539161,93728.14285714286,35.78440735290536
2025-04-23 18:51:01,93744,1861106076507.3252,0.0,93733.85714285714,34.48284597799049
2025-04-23 18:51:45,93760,1861106076507.3252,0.01706775900325308,93740.14285714286,33.121996720337684
2025-04-23 18:52:02,93760,1861106076507.3252,0.0,93746.42857142857,29.649861480112445
2025-04-23 18:52:45,93760,1861106076507.3252,0.0,93749.42857142857,28.621836486940477
2025-04-23 18:53:02,93762,1861664554872.5588,0.00213310580203796,93752.71428571429,26.439868886632276
2025-04-23 18:53:45,93762,1861664554872.5588,0.0,93756.0,22.513064991551254
2025-04-23 18:54:02,93762,1861664554872.5588,0.0,93758.57142857143,21.419172543699183
2025-04-23 18:54:45,93767,1861664554872.5588,0.005332650754041879,93761.85714285714,19.81870208810008
2025-04-23 18:55:03,93767,1861664554872.5588,0.0,93762.85714285714,16.999439768915323
2025-04-23 18:55:46,93765,1861664554872.5588,-0.0021329465590191887,93763.57142857143,14.734798464533615
2025-04-23 18:56:03,93765,1861664554872.5588,0.0,93764.28571428571,11.062592483557278
2025-04-23 18:56:46,93765,1861664554872.5588,0.0,93764.71428571429,10.273405337046349
2025-04-23 18:57:03,93762,1861664554872.5588,-0.0031994880819063987,93764.71428571429,8.963948963980648
2025-04-23 18:57:46,93762,1861664554872.5588,0.0,93764.71428571429,7.079817059809185
2025-04-23 18:58:03,93762,1861664554872.5588,0.0,93764.0,5.420419952139791
2025-04-23 18:58:47,93763,1861679804230.1013,0.0010665301508172575,93763.42857142857,2.3441924349041527
2025-04-23 18:59:04,93763,1861679804230.1013,0.0,93763.14285714286,2.1995670743851345
2025-04-23 18:59:48,93767,1861679804230.1013,0.004266075104242262,93763.42857142857,2.229670076053965
2025-04-23 19:00:04,93767,1861679804230.1013,0.0,93763.71428571429,2.1536237635006734
2025-04-23 19:00:48,93767,1861679804230.1013,0.0,93764.42857142857,2.1974010797276007
2025-04-23 19:01:04,93774,1861921668241.5093,0.007465312956589365,93766.14285714286,3.211586179894271
2025-04-23 19:01:48,93774,1861921668241.5093,0.0,93767.85714285714,3.7984959530260367
2025-04-23 19:02:04,93774,1861921668241.5093,0.0,93769.42857142857,4.323799043875027
2025-04-23 19:02:49,93776,1861921668241.5093,0.0021327873397813946,93771.28571428571,4.978047052561369
2025-04-23 19:03:05,93776,1861921668241.5093,0.0,93772.57142857143,5.440588210527951
2025-04-23 19:03:49,93776,1861921668241.5093,0.0,93773.85714285714,5.7677263061958906
2025-04-23 19:04:05,93769,1861921668241.5093,-0.007464596485240449,93774.14285714286,5.684565576259851
2025-04-23 19:04:49,93769,1861921668241.5093,0.0,93773.42857142857,5.364788202479712
2025-04-23 19:05:05,93769,1861921668241.5093,0.0,93772.71428571429,4.978047052556755
2025-04-23 19:05:50,93759,1861669161951.973,-0.010664505326918317,93770.57142857143,5.356793646553313
2025-04-23 19:06:05,93759,1861669161951.973,0.0,93768.14285714286,5.787507077467764
2025-04-23 19:06:50,93759,1861669161951.973,0.0,93765.71428571429,6.175990383682476
2025-04-23 19:07:06,93761,1861669161951.973,0.0021331285529946342,93763.57142857143,6.500549433209671
2025-04-23 19:07:50,93761,1861669161951.973,0.0,93762.42857142857,6.784435975452521
2025-04-23 19:08:06,93761,1861669161951.973,0.0,93761.28571428571,7.0325772611165736
2025-04-23 19:08:50,93785,1861966314541.852,0.025596996619059453,93763.57142857143,8.201625859737268
2025-04-23 19:09:06,93785,1861966314541.852,0.0,93767.28571428571,9.160993919889748
2025-04-23 19:09:51,93813,1861966314541.852,0.02985552060563723,93775.0,14.549750450497081
2025-04-23 19:10:06,93813,1861966314541.852,0.0,93782.71428571429,18.02247274615935
2025-04-23 19:10:51,93813,1861966314541.852,0.0,93790.14285714286,20.612756107864477
2025-04-23 19:11:07,93819,1861966314541.852,0.006395702088202171,93798.42857142857,23.307468659525235
2025-04-23 19:11:51,93819,1861966314541.852,0.0,93806.71428571429,25.173682404268355
2025-04-23 19:12:07,93819,1861966314541.852,0.0,93811.57142857143,26.464711456157026
2025-04-23 19:12:52,93821,1861966314541.852,0.00213176435477358,93816.71428571429,27.42053453823382
2025-04-23 19:13:07,93821,1861966314541.852,0.0,93817.85714285714,27.117381529735802
2025-04-23 19:13:52,93821,1861966314541.852,0.0,93819.0,26.119140948479693
2025-04-23 19:14:07,93824,1862761845664.5857,0.0031975783673088287,93820.57142857143,24.517632140796564
2025-04-23 19:14:52,93824,1862761845664.5857,0.0,93821.28571428571,22.206176748632423
2025-04-23 19:15:08,93836,1862761845664.5857,0.012789904502041871,93823.71428571429,19.48185969614256
2025-04-23 19:15:52,93836,1862761845664.5857,0.0,93826.14285714286,14.573949364445639
2025-04-23 19:16:08,93836,1862761845664.5857,0.0,93828.28571428571,12.472827612411523
2025-04-23 19:16:53,93825,1862761845664.5857,-0.01172257982011704,93828.85714285714,7.889112454242336
2025-04-23 19:17:08,93825,1862761845664.5857,0.0,93829.42857142857,7.434155415665651
2025-04-23 19:17:53,93825,1862761845664.5857,0.0,93829.57142857143,6.850095590678115
2025-04-23 19:18:09,93797,1862918944764.673,-0.029842792432721588,93825.71428571429,9.473270671761892
2025-04-23 19:18:53,93797,1862918944764.673,0.0,93820.14285714286,11.627963015384033
2025-04-23 19:19:09,93797,1862918944764.673,0.0,93814.57142857143,13.269011520995534
2025-04-23 19:19:54,93781,1862918944764.673,-0.017058114865076135,93806.71428571429,16.70956384491415
2025-04-23 19:20:09,93781,1862918944764.673,0.0,93800.42857142857,19.162711809327536
2025-04-23 19:20:54,93781,1862918944764.673,0.0,93794.14285714286,20.975495909496544
2025-04-23 19:21:09,93775,1861922625789.8523,-0.006397884432884915,93787.0,22.902484790994848
2025-04-23 19:21:55,93775,1861922625789.8523,0.0,93783.85714285714,24.1230970151394
2025-04-23 19:22:10,93763,1861922625789.8523,-0.0127965875766467,93779.0,25.956006738179276
2025-04-23 19:22:55,93763,1861922625789.8523,0.0,93774.14285714286,25.9693959091816
2025-04-23 19:23:10,93763,1861922625789.8523,0.0,93771.57142857143,24.987044263594232
2025-04-23 19:23:55,93762,1861922625789.8523,-0.0010665187760605654,93768.85714285714,22.958554792795443
2025-04-23 19:24:10,93762,1861922625789.8523,0.0,93766.14285714286,21.27663596938885
2025-04-23 19:24:55,93762,1861922625789.8523,0.0,93764.28571428571,18.45251305849705
2025-04-23 19:25:11,93770,1861922625789.8523,0.008532241206449243,93763.57142857143,13.424214088295624
2025-04-23 19:25:56,93770,1861922625789.8523,0.0,93764.57142857143,12.0408036467609
2025-04-23 19:26:11,93770,1861922625789.8523,0.0,93765.57142857143,10.139503138145148
2025-04-23 19:26:56,93787,1861999004331.314,0.018129465713978554,93769.0,8.56070758551281
2025-04-23 19:27:11,93787,1861999004331.314,0.0,93772.57142857143,9.17916896761868
2025-04-23 19:27:56,93787,1861999004331.314,0.0,93776.14285714286,9.740929851132211
2025-04-23 19:28:12,93777,1861999004331.314,-0.010662458549692833,93778.28571428571,9.523404757448835
2025-04-23 19:28:57,93777,1861999004331.314,0.0,93779.28571428571,9.58918041499629
2025-04-23 19:29:12,93777,1861999004331.314,0.0,93780.28571428571,9.652534830312868
2025-04-23 19:29:57,93759,1861900973065.7756,-0.019194471992067808,93778.71428571429,9.963265867456908
2025-04-23 19:30:12,93759,1861900973065.7756,0.0,93774.71428571429,10.257169389674806
2025-04-23 19:30:57,93759,1861900973065.7756,0.0,93770.71428571429,10.535653756599682
2025-04-23 19:31:12,93758,1861900973065.7756,-0.0010665642764973171,93766.57142857143,10.826334739350708
2025-04-23 19:31:57,93758,1861900973065.7756,0.0,93763.85714285714,11.102552262683213
2025-04-23 19:32:13,93757,1861900973065.7756,-0.001066575652208801,93761.0,11.444691016357652
2025-04-23 19:32:58,93757,1861900973065.7756,0.0,93758.14285714286,11.937136933711443
2025-04-23 19:33:13,93757,1861900973065.7756,0.0,93757.85714285714,12.345039492805416
2025-04-23 19:33:58,93743,1861390305598.264,-0.014932218394358987,93755.57142857143,13.958100569471224
2025-04-23 19:34:13,93743,1861390305598.264,0.0,93753.28571428571,13.98809017505572
2025-04-23 19:34:58,93743,1861390305598.264,0.0,93751.14285714286,13.34416227214792
2025-04-23 19:35:14,93740,1861390305598.264,-0.003200238951173162,93748.57142857143,12.205385231532249
2025-04-23 19:35:59,93740,1861390305598.264,0.0,93746.14285714286,11.734361430169832
2025-04-23 19:36:14,93740,1861390305598.264,0.0,93743.71428571429,10.64804923258078
2025-04-23 19:36:59,93726,1860962079523.7407,-0.01493492639215166,93739.28571428571,10.463997236888071
2025-04-23 19:37:14,93726,1860962079523.7407,0.0,93736.85714285714,11.670883594989618
2025-04-23 19:37:59,93726,1860962079523.7407,0.0,93734.42857142857,12.351209699078051
2025-04-23 19:38:15,93703,1860962079523.7407,-0.02453961547489447,93728.71428571429,15.765544108291708
2025-04-23 19:39:00,93703,1860962079523.7407,0.0,93723.42857142857,17.824007354497887
2025-04-23 19:39:15,93703,1860962079523.7407,0.0,93718.14285714286,18.921642938876264
2025-04-23 19:40:00,93697,1860962079523.7407,-0.0064032101426803045,93712.0,19.979274978060296
2025-04-23 19:40:15,93697,1860962079523.7407,0.0,93707.85714285714,20.150150657150647
2025-04-23 19:41:00,93697,1860962079523.7407,0.0,93703.71428571429,19.45764631390687
2025-04-23 19:41:16,93685,1860323919027.559,-0.012807240359880012,93697.85714285714,20.66904748377088
2025-04-23 19:42:01,93685,1860323919027.559,0.0,93695.28571428571,21.066109096308278
2025-04-23 19:42:16,93685,1860323919027.559,0.0,93692.71428571429,20.695755260213506
2025-04-23 19:43:01,93664,1860323919027.559,-0.02241554144206681,93687.14285714286,22.132286264959255
2025-04-23 19:43:16,93664,1860323919027.559,0.0,93682.42857142857,22.27896723432363
2025-04-23 19:44:01,93664,1860323919027.559,0.0,93677.71428571429,21.162635538432838
2025-04-23 19:44:17,93651,1860323919027.559,-0.013879398701743817,93671.14285714286,22.15207181708657
2025-04-23 19:45:02,93651,1860323919027.559,0.0,93666.28571428571,21.90890230191241
2025-04-23 19:45:17,93651,1860323919027.559,0.0,93661.42857142857,20.389072705463718
2025-04-23 19:46:02,93642,1859331746504.4624,-0.009610148316618883,93655.28571428571,21.525621501516433
2025-04-23 19:46:17,93642,1859331746504.4624,0.0,93652.14285714286,21.80716352546355
2025-04-23 19:47:02,93642,1859331746504.4624,0.0,93649.0,21.267681721052
2025-04-23 19:47:17,93641,1859331746504.4624,-0.0010678968838773173,93645.71428571429,20.682866156662893
2025-04-23 19:48:03,93641,1859331746504.4624,0.0,93644.28571428571,19.32306788411803
2025-04-23 19:48:18,93642,1859331746504.4624,0.0010679082880438173,93643.0,16.939668858200534
2025-04-23 19:49:03,93642,1859331746504.4624,0.0,93641.71428571429,15.367870010003696
2025-04-23 19:49:18,93642,1859331746504.4624,0.0,93641.71428571429,12.953028698097889
2025-04-23 19:50:03,93621,1859233398364.266,-0.02242583456141256,93638.71428571429,11.374574825174886
2025-04-23 19:50:18,93621,1859233398364.266,0.0,93635.71428571429,12.090137660251889
2025-04-23 19:51:03,93621,1859233398364.266,0.0,93632.85714285714,12.056217525601987
2025-04-23 19:51:19,93618,1859233398364.266,-0.0032044092671545954,93629.57142857143,11.611980679890655
2025-04-23 19:52:04,93618,1859233398364.266,0.0,93626.14285714286,12.063324980937495
2025-04-23 19:52:19,93618,1859233398364.266,0.0,93622.71428571429,12.076344451440013
2025-04-23 19:53:04,93614,1859233398364.266,-0.004272682603767564,93618.71428571429,12.017843879003413
2025-04-23 19:53:19,93614,1859233398364.266,0.0,93617.71428571429,12.356991469066248
2025-04-23 19:54:04,93614,1859233398364.266,0.0,93616.71428571429,12.389319519908346
2025-04-23 19:54:20,93606,1858660302322.256,-0.008545730339482027,93614.57142857143,12.811081515418158
2025-04-23 19:55:05,93606,1858660302322.256,0.0,93612.85714285714,12.850050956880606
2025-04-23 19:55:20,93606,1858660302322.256,0.0,93611.14285714286,12.42807881080226
2025-04-23 19:56:05,93605,1858660302322.256,-0.0010683075871154024,93609.28571428571,11.423451237055206
2025-04-23 19:56:20,93605,1858660302322.256,0.0,93608.0,9.669293571153956
2025-04-23 19:57:05,93605,1858660302322.256,0.0,93606.71428571429,6.592203192165367
2025-04-23 19:57:20,93618,1858643268245.5745,0.013888147000695739,93607.28571428571,6.367327320979006
2025-04-23 19:58:06,93618,1858643268245.5745,0.0,93609.0,6.127222634478167
2025-04-23 19:58:21,93628,1858643268245.5745,0.010681706509441113,93612.14285714286,7.029190840997724
2025-04-23 19:59:06,93628,1858643268245.5745,0.0,93615.28571428571,7.963009724923097
2025-04-23 19:59:21,93628,1858643268245.5745,0.0,93618.57142857143,8.743977523237717
2025-04-23 20:00:06,93675,1858643268245.5745,0.05019865852096128,93628.57142857143,18.00000000194432
2025-04-23 20:00:22,93675,1858643268245.5745,0.0,93638.57142857143,23.17778082301637
2025-04-23 20:01:06,93675,1858643268245.5745,0.0,93646.71428571429,26.739127742906565
2025-04-23 20:01:22,93691,1860131775120.3352,0.017080330931418253,93657.14285714286,31.253495043783573
2025-04-23 20:02:07,93691,1860131775120.3352,0.0,93666.14285714286,33.93579371857007
2025-04-23 20:02:24,93696,1860131775120.3352,0.005336691891422163,93675.85714285714,35.97115246409853
2025-04-23 20:03:07,93696,1860131775120.3352,0.0,93685.57142857143,36.86552138162004
2025-04-23 20:03:24,93710,1860131775120.3352,0.014941939890711353,93690.57142857143,37.88227377995092
2025-04-23 20:04:07,93710,1860131775120.3352,0.0,93695.57142857143,37.49755547685249
2025-04-23 20:04:24,93710,1860131775120.3352,0.0,93700.57142857143,35.66604360929458
2025-04-23 20:05:07,93717,1860131775120.3352,0.007469853804287219,93704.28571428571,34.51059188792298
2025-04-23 20:05:25,93717,1860131775120.3352,0.0,93708.0,31.883418590648514
2025-04-23 20:06:08,93674,1860131775120.3352,-0.045882817418396726,93704.85714285714,28.20131709315257
2025-04-23 20:06:25,93674,1860131775120.3352,0.0,93701.71428571429,23.535586026231805
2025-04-23 20:07:09,93656,1860131775120.3352,-0.019215577428099984,93694.0,19.003257868013865
2025-04-23 20:07:25,93656,1860131775120.3352,0.0,93686.28571428571,20.711855360042897
2025-04-23 20:08:09,93656,1860131775120.3352,0.0,93678.57142857143,22.212609033481755
2025-04-23 20:08:25,93644,1860131775120.3352,-0.012812847014609385,93668.14285714286,24.85347537406907
2025-04-23 20:09:09,93644,1860131775120.3352,0.0,93657.71428571429,27.1103564831874
2025-04-23 20:09:26,93641,1860131775120.3352,-0.0032036222288645,93653.0,29.109317769852687
2025-04-23 20:10:09,93641,1860131775120.3352,0.0,93648.28571428571,30.39454838457369
2025-04-23 20:10:26,93641,1860131775120.3352,0.0,93646.14285714286,31.168818363366757
2025-04-23 20:11:10,93626,1860131775120.3352,-0.016018624320546238,93641.85714285714,31.53878942141134
2025-04-23 20:11:26,93626,1860131775120.3352,0.0,93637.57142857143,30.83334620451884
2025-04-23 20:12:10,93626,1860131775120.3352,0.0,93635.0,28.974044214905614
2025-04-23 20:12:26,93597,1860131775120.3352,-0.030974302010122745,93628.28571428571,27.43425040546255
2025-04-23 20:13:11,93597,1860131775120.3352,0.0,93622.0,22.992131160663384
2025-04-23 20:13:27,93584,1858147390145.412,-0.013889334059857816,93613.85714285714,25.112508741836063
2025-04-23 20:14:11,93584,1858147390145.412,0.0,93605.71428571429,25.602641234168207
2025-04-23 20:14:27,93584,1858147390145.412,0.0,93599.71428571429,26.691000803257506
2025-04-23 20:15:12,93551,1858147390145.412,-0.03526243802359774,93589.0,30.893519124227772
2025-04-23 20:15:27,93551,1858147390145.412,0.0,93578.28571428571,33.03648776547776
2025-04-23 20:16:12,93538,1858147390145.412,-0.013896163589910415,93569.85714285714,36.22837614583112
2025-04-23 20:16:28,93538,1858147390145.412,0.0,93561.42857142857,37.76998052209622
2025-04-23 20:17:12,93538,1858147390145.412,0.0,93554.85714285714,38.17041986209628
2025-04-23 20:17:28,93524,1858147390145.412,-0.014967179114366846,93546.28571428571,38.54805288234359
2025-04-23 20:18:12,93524,1858147390145.412,0.0,93537.71428571429,37.209573781756234
2025-04-23 20:18:28,93524,1858147390145.412,0.0,93533.85714285714,36.04256742706206
2025-04-23 20:19:13,93530,1856939713831.621,0.0064154655489589985,93530.85714285714,32.96896087261657
2025-04-23 20:19:29,93530,1856939713831.621,0.0,93529.71428571429,28.054708459267562
2025-04-23 20:20:13,93530,1856939713831.621,0.0,93528.57142857143,25.778913495727245
2025-04-23 20:20:29,93541,1856939713831.621,0.011760932321180917,93529.0,22.030714491821737
2025-04-23 20:21:13,93541,1856939713831.621,0.0,93531.42857142857,19.167929566787922
2025-04-23 20:21:29,93541,1856939713831.621,0.0,93533.85714285714,15.226855976365375
2025-04-23 20:22:14,93561,1857410902950.284,0.021380998706455046,93539.14285714286,10.920927924608954
2025-04-23 20:22:29,93561,1857410902950.284,0.0,93543.57142857143,12.05266222601878
2025-04-23 20:23:14,93561,1857410902950.284,0.0,93548.0,13.050451554720603
2025-04-23 20:23:30,93586,1857410902950.284,0.02672053526575624,93556.0,17.844567002210738
2025-04-23 20:24:14,93586,1857410902950.284,0.0,93562.42857142857,21.085540070575362
2025-04-23 20:24:30,93586,1857410902950.284,0.0,93568.85714285714,23.427090546979446
2025-04-23 20:25:14,93568,1857845638911.334,-0.019233646058169906,93572.71428571429,22.902484790772085
2025-04-23 20:25:30,93568,1857845638911.334,0.0,93573.71428571429,21.949509161906732
2025-04-23 20:26:15,93509,1857845638911.334,-0.06305574555403037,93566.28571428571,23.69890493895847
2025-04-23 20:26:30,93509,1857845638911.334,0.0,93558.85714285714,25.7067713901569
2025-04-23 20:27:15,93509,1857845638911.334,0.0,93547.85714285714,27.492509803686936
2025-04-23 20:27:31,93476,1857845638911.334,-0.03529072067929295,93532.14285714286,33.28849365158425
2025-04-23 20:28:15,93476,1857845638911.334,0.0,93516.42857142857,38.00350861084228
2025-04-23 20:28:31,93476,1857845638911.334,0.0,93503.28571428571,41.71536202215083
2025-04-23 20:29:16,93440,1855378110829.044,-0.03851255937352693,93485.0,48.783584281043986
2025-04-23 20:29:31,93440,1855378110829.044,0.0,93475.14285714286,53.34229091506545
2025-04-23 20:30:16,93440,1855378110829.044,0.0,93465.28571428571,56.316283698333244
2025-04-23 20:30:32,93419,1855378110829.044,-0.02247431506848807,93452.42857142857,59.91168103030234
2025-04-23 20:31:16,93419,1855378110829.044,0.0,93444.28571428571,59.472042251722364
2025-04-23 20:31:32,93419,1855378110829.044,0.0,93436.14285714286,56.734721040075435
2025-04-23 20:32:16,93390,1855378110829.044,-0.031042935591263365,93423.85714285714,53.96939167863276
2025-04-23 20:32:32,93390,1855378110829.044,0.0,93416.71428571429,50.463093539635864
2025-04-23 20:33:17,93392,1854154927332.083,0.0021415569118721223,93409.85714285714,43.15829115365945
2025-04-23 20:33:33,93392,1854154927332.083,0.0,93403.0,41.68738532582491
2025-04-23 20:34:17,93392,1854154927332.083,0.0,93399.14285714286,38.5054108760327
2025-04-23 20:34:33,93394,1854154927332.083,0.002141511050202105,93395.57142857143,32.990619158270874
2025-04-23 20:35:17,93394,1854154927332.083,0.0,93392.0,30.39078807903595
2025-04-23 20:35:33,93394,1854154927332.083,0.0,93392.57142857143,26.358697851858835
2025-04-23 20:36:17,93417,1854154927332.083,0.024626849690556618,93396.42857142857,19.83935482984342
2025-04-23 20:36:34,93417,1854154927332.083,0.0,93400.0,18.065225739434545
2025-04-23 20:37:18,93443,1855257665259.05,0.0278321932838832,93407.28571428571,18.46566956395884
2025-04-23 20:37:34,93443,1855257665259.05,0.0,93414.57142857143,18.85533902076941
2025-04-23 20:38:18,93443,1855257665259.05,0.0,93421.57142857143,20.803388004009143
2025-04-23 20:38:34,93455,1855257665259.05,0.01284205344433964,93430.28571428571,23.858711098938603
2025-04-23 20:39:18,93455,1855257665259.05,0.0,93439.0,26.331585235550424
2025-04-23 20:39:34,93455,1855257665259.05,0.0,93444.42857142857,27.414281993293763
2025-04-23 20:40:18,93481,1855257665259.05,0.027820876357598223,93453.57142857143,30.568112860870933
2025-04-23 20:40:35,93481,1855257665259.05,0.0,93459.0,32.39885359625484
2025-04-23 20:41:19,93493,1856248180138.6003,0.012836833153251348,93466.14285714286,34.28841259320012
2025-04-23 20:41:35,93493,1856248180138.6003,0.0,93473.28571428571,34.70666191121034
2025-04-23 20:42:19,93493,1856248180138.6003,0.0,93478.71428571429,33.95136577757027
2025-04-23 20:42:35,93501,1856248180138.6003,0.008556790347946652,93485.28571428571,32.44731994319862
2025-04-23 20:43:19,93501,1856248180138.6003,0.0,93491.85714285714,29.050366772076284
2025-04-23 20:43:36,93562,1856248180138.6003,0.06523994395781774,93503.42857142857,35.451778114755186
2025-04-23 20:44:19,93562,1856248180138.6003,0.0,93515.0,38.33399585440624
2025-04-23 20:44:36,93562,1856248180138.6003,0.0,93524.85714285714,41.41773257313741
2025-04-23 20:45:20,93571,1857857570949.2249,0.009619289882634163,93536.0,43.72293720883338
2025-04-23 20:45:36,93571,1857857570949.2249,0.0,93547.14285714286,44.18058181596502
2025-04-23 20:46:20,93571,1857857570949.2249,0.0,93557.14285714286,44.193082846786254
2025-04-23 20:46:36,93582,1857857570949.2249,0.01175577903409497,93568.71428571429,43.66997443028716
2025-04-23 20:47:20,93582,1857857570949.2249,0.0,93571.57142857143,41.32184940405394
2025-04-23 20:47:37,93591,1857857570949.2249,0.00961723408348103,93575.71428571429,41.054783377481904
2025-04-23 20:48:21,93591,1857857570949.2249,0.0,93579.85714285714,39.34789883760622
2025-04-23 20:48:37,93591,1857857570949.2249,0.0,93582.71428571429,37.58887880213637
2025-04-23 20:49:21,93620,1857857570949.2249,0.030985885394962942,93589.71428571429,36.93971923582325
2025-04-23 20:49:37,93620,1857857570949.2249,0.0,93596.71428571429,34.09622238652783
2025-04-23 20:50:21,93620,1857857570949.2249,0.0,93602.14285714286,30.031412127394262
2025-04-23 20:50:37,93606,1858837083928.688,-0.014954069643235979,93605.57142857143,21.32804994287441
2025-04-23 20:51:22,93606,1858837083928.688,0.0,93607.71428571429,20.689772032258976
2025-04-23 20:51:38,93571,1858837083928.688,-0.03739076554921672,93604.85714285714,19.94516291960892
2025-04-23 20:52:22,93571,1858837083928.688,0.0,93602.0,19.151526113111366
2025-04-23 20:52:38,93571,1858837083928.688,0.0,93595.0,19.151526113111366
2025-04-23 20:53:22,93534,1857242594878.155,-0.039542165841977006,93582.71428571429,23.736249153765748
2025-04-23 20:53:38,93534,1857242594878.155,0.0,93570.42857142857,27.33130073889592
2025-04-23 20:54:22,93534,1857242594878.155,0.0,93560.14285714286,30.463561372701466
2025-04-23 20:54:39,93525,1857242594878.155,-0.009622169478473719,93548.57142857143,33.9284962416906
2025-04-23 20:55:23,93525,1857242594878.155,0.0,93542.0,36.447222117457784
2025-04-23 20:55:39,93525,1857242594878.155,0.0,93535.42857142857,38.264493053620235
2025-04-23 20:56:23,93509,1857242594878.155,-0.01710772520716608,93526.57142857143,40.85071544611922
2025-04-23 20:56:40,93509,1857242594878.155,0.0,93523.0,40.17224818065198
2025-04-23 20:57:24,93509,1857242594878.155,0.0,93519.42857142857,37.9670283031607
2025-04-23 20:57:40,93498,1856608743127.941,-0.011763573559764318,93514.28571428571,34.822406580777795
2025-04-23 20:58:24,93498,1856608743127.941,0.0,93510.42857142857,31.61780691892024
2025-04-23 20:58:40,93498,1856608743127.941,0.0,93506.57142857143,25.993955342762302
2025-04-23 20:59:24,93460,1856608743127.941,-0.040642580589955735,93497.28571428571,28.385106760228965
2025-04-23 20:59:41,93460,1856608743127.941,0.0,93490.28571428571,28.6076912748111
2025-04-23 21:00:24,93460,1856608743127.941,0.0,93483.28571428571,26.715966335085877
2025-04-23 21:00:41,93448,1855549933637.4976,-0.012839717526214045,93474.57142857143,29.20583764344586
2025-04-23 21:01:25,93448,1855549933637.4976,0.0,93467.42857142857,30.360845713764427
2025-04-23 21:01:41,93448,1855549933637.4976,0.0,93460.28571428571,30.333856616272694
2025-04-23 21:02:25,93433,1855549933637.4976,-0.016051707901720835,93451.0,31.593097499251215
2025-04-23 21:02:41,93433,1855549933637.4976,0.0,93447.14285714286,31.55146966732684
2025-04-23 21:03:25,93433,1855549933637.4976,0.0,93443.28571428571,30.20359486766165
2025-04-23 21:03:42,93425,1855549933637.4976,-0.008562285273938652,93438.28571428571,30.163838332175477
2025-04-23 21:04:25,93425,1855549933637.4976,0.0,93435.0,28.987189289915843
2025-04-23 21:04:42,93425,1855549933637.4976,0.0,93431.71428571429,26.522766502180787
2025-04-23 21:05:26,93393,1855549933637.4976,-0.03425207385603368,93423.85714285714,27.576387416212768
2025-04-23 21:05:42,93393,1855549933637.4976,0.0,93418.14285714286,26.691892831511822
2025-04-23 21:06:26,93393,1855549933637.4976,0.0,93412.42857142857,23.6528464022571
2025-04-23 21:06:43,93401,1854348635227.467,0.00856595248037717,93407.85714285714,23.533765004979433
2025-04-23 21:07:26,93401,1854348635227.467,0.0,93404.42857142857,22.695080232025585
2025-04-23 21:07:43,93401,1854348635227.467,0.0,93401.0,21.05095858183568
2025-04-23 21:08:26,93427,1854348635227.467,0.027836961060367926,93401.28571428571,19.711490486873775
2025-04-23 21:08:43,93427,1854348635227.467,0.0,93406.14285714286,18.158823123046503
2025-04-23 21:09:27,93437,1854348635227.467,0.010703543943391125,93412.42857142857,17.0120405560507
2025-04-23 21:09:43,93437,1854348635227.467,0.0,93418.71428571429,17.3183085084834
2025-04-23 21:10:27,93437,1854348635227.467,0.0,93423.85714285714,17.614928735505135
2025-04-23 21:10:44,93465,1855212739964.268,0.029966715540963307,93433.0,21.25312302148828
2025-04-23 21:11:28,93465,1855212739964.268,0.0,93442.14285714286,24.328701452340955
2025-04-23 21:11:44,93465,1855212739964.268,0.0,93447.57142857143,26.773832286574866
2025-04-23 21:12:28,93467,1855212739964.268,0.0021398384421944527,93453.28571428571,28.9419780821863
2025-04-23 21:12:44,93467,1855212739964.268,0.0,93457.57142857143,28.990638884457468
2025-04-23 21:13:28,93467,1855212739964.268,0.0,93461.85714285714,28.126923215948203
2025-04-23 21:13:45,93466,1855782116935.2983,-0.0010698963270439066,93466.0,26.19432872236025
2025-04-23 21:14:29,93466,1855782116935.2983,0.0,93466.14285714286,24.23004824938682
2025-04-23 21:14:45,93466,1855782116935.2983,0.0,93466.28571428571,21.16151043479869
2025-04-23 21:15:29,93393,1855782116935.2983,-0.07810326749834173,93456.0,22.557439910385927
2025-04-23 21:15:46,93393,1855782116935.2983,0.0,93445.42857142857,26.424735887784706
2025-04-23 21:16:29,93393,1855782116935.2983,0.0,93434.85714285714,29.608878978410875
2025-04-23 21:16:46,93372,1855782116935.2983,-0.022485625260992848,93421.28571428571,35.18820148688948
2025-04-23 21:17:29,93372,1855782116935.2983,0.0,93407.85714285714,39.49044489705761
2025-04-23 21:17:46,93372,1855782116935.2983,0.0,93394.42857142857,42.90154842444459
2025-04-23 21:18:30,93343,1853631926436.6948,-0.031058561453112254,93376.85714285714,47.62482345999378
2025-04-23 21:18:47,93343,1853631926436.6948,0.0,93369.71428571429,50.536643943022014
2025-04-23 21:19:30,93343,1853631926436.6948,0.0,93362.57142857143,51.94255068341872
2025-04-23 21:19:47,93235,1853631926436.6948,-0.11570230226155553,93340.0,65.85966321023278
2025-04-23 21:20:30,93235,1853631926436.6948,0.0,93320.42857142857,73.92125797780885
2025-04-23 21:20:47,93235,1853631926436.6948,0.0,93300.85714285714,77.9653769314877
2025-04-23 21:21:31,93238,1851357695039.313,0.0032176757655433263,93281.71428571429,78.42357517306733
2025-04-23 21:21:47,93238,1851357695039.313,0.0,93266.71428571429,75.67581232796199
2025-04-23 21:22:31,93238,1851357695039.313,0.0,93251.71428571429,69.34200953089329
2025-04-23 21:22:48,93226,1851357695039.313,-0.01287028893798281,93235.0,69.53669808828009
2025-04-23 21:23:31,93226,1851357695039.313,0.0,93233.71428571429,67.7995645446867
2025-04-23 21:23:49,93210,1851357695039.313,-0.017162594126096664,93230.14285714286,65.1114063598958
2025-04-23 21:24:32,93210,1851357695039.313,0.0,93226.57142857143,62.450513742763704
2025-04-23 21:24:49,93210,1851357695039.313,0.0,93222.57142857143,57.53864126101745
2025-04-23 21:25:32,93197,1851357695039.313,-0.01394700139469851,93216.71428571429,50.55388450123634
2025-04-23 21:25:50,93197,1851357695039.313,0.0,93210.85714285714,44.77797077510192
2025-04-23 21:26:32,93197,1851357695039.313,0.0,93206.71428571429,35.37553634219493
2025-04-23 21:26:50,93190,1850462141335.6216,-0.007510971383195564,93201.57142857143,17.89732621885189
2025-04-23 21:27:33,93190,1850462141335.6216,0.0,93198.71428571429,18.73956852868389
2025-04-23 21:27:50,93190,1850462141335.6216,0.0,93195.85714285714,19.045809439684966
2025-04-23 21:28:33,93203,1850462141335.6216,0.013949994634621099,93194.85714285714,18.15279068335848
2025-04-23 21:28:50,93203,1850462141335.6216,0.0,93195.71428571429,16.568760049983236
2025-04-23 21:29:33,93203,1850462141335.6216,0.0,93196.57142857143,14.417251573285153
2025-04-23 21:29:51,93222,1850568927139.396,0.020385609905271274,93200.14285714286,12.319941251940701
2025-04-23 21:30:33,93222,1850568927139.396,0.0,93204.71428571429,11.866318884972502
2025-04-23 21:30:51,93222,1850568927139.396,0.0,93209.28571428571,11.387963573706278
2025-04-23 21:31:34,93247,1850568927139.396,0.026817703975456908,93217.42857142857,15.828846484267142
2025-04-23 21:31:51,93247,1850568927139.396,0.0,93223.71428571429,18.930952233072276
2025-04-23 21:32:34,93247,1850568927139.396,0.0,93230.0,21.287823482948152
2025-04-23 21:32:52,93264,1851777519933.3384,0.018231149527592194,93238.71428571429,24.71398293376474
2025-04-23 21:33:34,93264,1851777519933.3384,0.0,93244.71428571429,26.93767056200923
2025-04-23 21:33:52,93264,1851777519933.3384,0.0,93250.71428571429,28.244342038926792
2025-04-23 21:34:35,93292,1851777519933.3384,0.030022302281684787,93260.71428571429,31.27984289438122
2025-04-23 21:34:52,93292,1851777519933.3384,0.0,93267.14285714286,32.55807997251603
2025-04-23 21:35:35,93292,1851777519933.3384,0.0,93273.57142857143,32.288432250738396
2025-04-23 21:35:53,93294,1851777519933.3384,0.002143806542886928,93280.28571428571,32.26157968662901
2025-04-23 21:36:35,93294,1851777519933.3384,0.0,93284.57142857143,30.98724776220443
2025-04-23 21:36:53,93294,1851777519933.3384,0.0,93288.85714285714,28.297400184630256
2025-04-23 21:37:35,93305,1852424775396.837,0.011790683216506004,93294.71428571429,27.647440251256185
2025-04-23 21:37:53,93305,1852424775396.837,0.0,93296.57142857143,25.737317728831844
2025-04-23 21:38:36,93307,1852424775396.837,0.0021435078505938066,93298.71428571429,22.40811927825793
2025-04-23 21:38:53,93307,1852424775396.837,0.0,93300.85714285714,21.323584083351463
2025-04-23 21:39:36,93307,1852424775396.837,0.0,93302.71428571429,19.31271478703052
2025-04-23 21:39:54,93330,1852424775396.837,0.024649811911214847,93307.85714285714,18.433148196787066
2025-04-23 21:40:36,93330,1852424775396.837,0.0,93313.0,18.619753976853918
2025-04-23 21:40:54,93330,1852424775396.837,0.0,93316.57142857143,17.6670260538292
2025-04-23 21:41:36,93354,1853001451847.252,0.02571520411442929,93323.57142857143,18.772573714646892
2025-04-23 21:41:54,93354,1853001451847.252,0.0,93330.28571428571,21.430952250136713
2025-04-23 21:42:37,93353,1853001451847.252,-0.0010711913790539818,93336.85714285714,22.89874190897704
2025-04-23 21:42:55,93353,1853001451847.252,0.0,93343.42857142857,23.536799961807535
2025-04-23 21:43:37,93353,1853001451847.252,0.0,93346.71428571429,23.608311693409963
2025-04-23 21:43:55,93365,1853001451847.252,0.012854434244213842,93351.71428571429,24.048165954490745
2025-04-23 21:44:37,93365,1853001451847.252,0.0,93356.71428571429,23.479068693770408
2025-04-23 21:44:55,93365,1853001451847.252,0.0,93358.28571428571,23.197495761043093
2025-04-23 21:45:38,93416,1854578925114.8303,0.05462432389011784,93367.14285714286,28.77118267364456
2025-04-23 21:45:56,93416,1854578925114.8303,0.0,93376.14285714286,31.83708529464994
2025-04-23 21:46:38,93416,1854578925114.8303,0.0,93385.14285714286,32.958559839973034
2025-04-23 21:46:56,93424,1854578925114.8303,0.008563843452935593,93395.28571428571,33.24469166449806
2025-04-23 21:47:38,93424,1854578925114.8303,0.0,93403.71428571429,34.35708840788477
2025-04-23 21:47:56,93424,1854578925114.8303,0.0,93412.14285714286,34.22655610654658
2025-04-23 21:48:38,93414,1854578925114.8303,-0.010703887651997146,93419.14285714286,32.128758813784515
2025-04-23 21:48:56,93414,1854578925114.8303,0.0,93418.85714285714,31.536373558160992
2025-04-23 21:49:39,93420,1854527435223.402,0.006423020104051602,93419.42857142857,30.687829137943616
2025-04-23 21:49:57,93420,1854527435223.402,0.0,93420.0,28.998686342319573
2025-04-23 21:50:39,93420,1854527435223.402,0.0,93419.42857142857,26.407430412828514
2025-04-23 21:50:57,93454,1854527435223.402,0.03639477627916943,93423.71428571429,25.404911412262546
2025-04-23 21:51:39,93454,1854527435223.402,0.0,93428.0,24.400819659489915
2025-04-23 21:51:57,93454,1854527435223.402,0.0,93433.71428571429,21.678385110678285
2025-04-23 21:52:40,93458,1854527435223.402,0.004280180623617014,93440.0,16.877147131316626
2025-04-23 21:52:58,93458,1854527435223.402,0.0,93445.42857142857,18.089723471957512
2025-04-23 21:53:40,93458,1854527435223.402,0.0,93450.85714285714,18.783985074836067
2025-04-23 21:53:58,93462,1855647621304.174,0.004279997431999583,93456.85714285714,19.358276193818913
2025-04-23 21:54:40,93462,1855647621304.174,0.0,93458.0,19.983802966540107
2025-04-23 21:54:58,93470,1855647621304.174,0.008559628512117001,93460.28571428571,20.905228328853184
2025-04-23 21:55:41,93470,1855647621304.174,0.0,93462.57142857143,21.320234074818163
2025-04-23 21:55:58,93470,1855647621304.174,0.0,93464.28571428571,20.215976709970008
2025-04-23 21:56:41,93495,1855647621304.174,0.026746549695100263,93469.57142857143,20.836095056289683
2025-04-23 21:56:59,93495,1855647621304.174,0.0,93474.85714285714,20.836095056278833
2025-04-23 21:57:41,93495,1855647621304.174,0.0,93479.57142857143,19.508240018576664
2025-04-23 21:57:59,93520,1856367929839.5432,0.026739397828756672,93487.85714285714,20.10922555523388
2025-04-23 21:58:42,93520,1856367929839.5432,0.0,93495.0,22.982809311731344
2025-04-23 21:58:59,93520,1856367929839.5432,0.0,93502.14285714286,24.709358166530663
2025-04-23 21:59:42,93519,1856367929839.5432,-0.0010692899914510612,93509.14285714286,25.425521487400463
2025-04-23 22:00:00,93519,1856367929839.5432,0.0,93512.57142857143,25.70954982938591
2025-04-23 22:00:42,93519,1856367929839.5432,0.0,93516.0,25.29953886368271
2025-04-23 22:01:00,93542,1857313198799.906,0.024593932783711914,93522.71428571429,26.29195060687612
2025-04-23 22:01:42,93542,1857313198799.906,0.0,93525.85714285714,26.46525125247628
2025-04-23 22:02:00,93542,1857313198799.906,0.0,93529.0,25.467626509878794
2025-04-23 22:02:43,93561,1857313198799.906,0.020311731628575025,93534.85714285714,26.28814688624555
2025-04-23 22:03:00,93561,1857313198799.906,0.0,93540.85714285714,25.58645475075242
2025-04-23 22:03:43,93561,1857313198799.906,0.0,93546.85714285714,23.224986545639158
2025-04-23 22:04:01,93520,1857313198799.906,-0.043821677835853556,93547.0,21.57202774421939
2025-04-23 22:04:43,93520,1857313198799.906,0.0,93543.85714285714,19.630394315888722
2025-04-23 22:05:01,93520,1857313198799.906,0.0,93540.71428571429,17.303178899981795
2025-04-23 22:05:44,93495,1856387330257.876,-0.026732249786143303,93534.0,19.630394315888722
2025-04-23 22:06:01,93495,1856387330257.876,0.0,93524.57142857143,21.57202774421939
2025-04-23 22:06:44,93495,1856387330257.876,0.0,93515.14285714286,23.224986545639158
2025-04-23 22:07:02,93495,1856387330257.876,0.0,93505.71428571429,24.629250903047684
2025-04-23 22:07:44,93495,1856387330257.876,0.0,93502.14285714286,25.851775292225998
2025-04-23 22:08:02,93495,1856387330257.876,0.0,93498.57142857143,26.917333768197295
2025-04-23 22:08:45,93461,1855691554788.2693,-0.03636558104711529,93490.14285714286,30.617921923335846
2025-04-23 22:09:02,93461,1855691554788.2693,0.0,93485.28571428571,32.9831125628368
2025-04-23 22:09:45,93461,1855691554788.2693,0.0,93480.42857142857,34.290356829236636
2025-04-23 22:10:03,93453,1855691554788.2693,-0.008559720097156553,93474.42857142857,33.33209521583404
2025-04-23 22:10:45,93453,1855691554788.2693,0.0,93468.42857142857,30.580105578508228
2025-04-23 22:11:03,93453,1855691554788.2693,0.0,93462.42857142857,25.459211076194045
2025-04-23 22:11:46,93462,1855691554788.2693,0.009630509453950609,93457.71428571429,24.09939734583089
2025-04-23 22:12:03,93462,1855691554788.2693,0.0,93457.85714285714,21.939744324039022
2025-04-23 22:12:46,93462,1855691554788.2693,0.0,93458.0,18.705232271696413
2025-04-23 22:13:04,93470,1855882607862.3157,0.008559628512117001,93459.28571428571,17.711443705917333
2025-04-23 22:13:46,93470,1855882607862.3157,0.0,93461.71428571429,16.478846470710938
2025-04-23 22:14:04,93470,1855882607862.3157,0.0,93464.14285714286,14.948482963508035
2025-04-23 22:14:46,93493,1855882607862.3157,0.024606825719475367,93469.85714285714,14.69920632958994
2025-04-23 22:15:04,93493,1855882607862.3157,0.0,93474.28571428571,14.444310135527326
2025-04-23 22:15:47,93510,1855882607862.3157,0.01818317948938386,93481.14285714286,16.78207660842888
2025-04-23 22:16:05,93510,1855882607862.3157,0.0,93488.0,19.651244963719808
2025-04-23 22:16:47,93510,1855882607862.3157,0.0,93493.71428571429,21.629565305165436
2025-04-23 22:17:05,93539,1855882607862.3157,0.031012725911661043,93503.57142857143,26.687789254448187
2025-04-23 22:17:47,93539,1855882607862.3157,0.0,93513.42857142857,29.417681758614318
2025-04-23 22:18:05,93539,1855882607862.3157,0.0,93520.0,30.79161914505753
2025-04-23 22:18:47,93616,1857394305126.7544,0.08231860507381672,93537.57142857143,42.52226307702738
2025-04-23 22:19:05,93616,1857394305126.7544,0.0,93552.71428571429,49.87193122245404
2025-04-23 22:19:48,93605,1857394305126.7544,-0.011750128183218855,93566.28571428571,52.94498492414368
2025-04-23 22:20:06,93605,1857394305126.7544,0.0,93579.85714285714,54.077545732272185
2025-04-23 22:20:48,93605,1857394305126.7544,0.0,93589.28571428571,54.19629226507899
2025-04-23 22:21:06,93561,1857675386387.8428,-0.04700603600235054,93592.42857142857,50.61592070301942
2025-04-23 22:21:48,93561,1857675386387.8428,0.0,93595.57142857143,45.91119792904753
2025-04-23 22:22:06,93561,1857675386387.8428,0.0,93587.71428571429,42.76346905661115
2025-04-23 22:22:49,93564,1857675386387.8428,0.003206464231886308,93580.28571428571,38.80071182512161
2025-04-23 22:23:07,93564,1857675386387.8428,0.0,93574.42857142857,35.95963345385684
2025-04-23 22:23:49,93564,1857675386387.8428,0.0,93568.57142857143,32.44878748988768
2025-04-23 22:24:07,93532,1857675386387.8428,-0.034201188491300716,93558.14285714286,29.94709621095922
2025-04-23 22:24:49,93532,1857675386387.8428,0.0,93554.0,30.53678499998306
2025-04-23 22:25:07,93532,1857675386387.8428,0.0,93549.85714285714,31.107800277988574
2025-04-23 22:25:50,93488,1856541770113.3335,-0.04704272334602466,93539.42857142857,37.018270907658604
2025-04-23 22:26:07,93488,1856541770113.3335,0.0,93528.57142857143,39.59593533785549
2025-04-23 22:26:50,93488,1856541770113.3335,0.0,93517.71428571429,40.115903508812835
2025-04-23 22:27:08,93463,1856541770113.3335,-0.02674139996576841,93503.28571428571,42.87001394077221
2025-04-23 22:27:50,93463,1856541770113.3335,0.0,93493.42857142857,43.29379148327781
2025-04-23 22:28:08,93463,1856541770113.3335,0.0,93483.57142857143,41.45875747625327
2025-04-23 22:28:51,93489,1856260227641.4548,0.027818495019427125,93477.42857142857,40.73292806340039
2025-04-23 22:29:08,93489,1856260227641.4548,0.0,93477.57142857143,39.37185361638576
2025-04-23 22:29:51,93489,1856260227641.4548,0.0,93477.71428571429,37.30606997782912
2025-04-23 22:30:09,93495,1856260227641.4548,0.006417867342678463,93478.71428571429,33.900695315959176
2025-04-23 22:30:51,93495,1856260227641.4548,0.0,93483.28571428571,29.350103432141207
2025-04-23 22:31:09,93495,1856260227641.4548,0.0,93487.85714285714,22.9838452593647
2025-04-23 22:31:51,93499,1856260227641.4548,0.004278303652593962,93493.0,20.46669769003387
2025-04-23 22:32:09,93499,1856260227641.4548,0.0,93494.42857142857,17.295746794881072
2025-04-23 22:32:52,93515,1856260227641.4548,0.017112482486436598,93498.14285714286,14.628087791329461
2025-04-23 22:33:11,93515,1856260227641.4548,0.0,93501.85714285714,16.220210792247794
2025-04-23 22:33:52,93515,1856260227641.4548,0.0,93504.71428571429,17.471882174401944
2025-04-23 22:34:11,93515,1856769729693.2544,0.0,93507.57142857143,18.45251305769866
2025-04-23 22:34:52,93515,1856769729693.2544,0.0,93510.42857142857,17.202436152264553
2025-04-23 22:35:11,93515,1856769729693.2544,0.0,93512.71428571429,15.019986686031018
2025-04-23 22:35:53,93514,1856769729693.2544,-0.0010693471635514484,93514.85714285714,11.312445739961621
2025-04-23 22:36:12,93514,1856769729693.2544,0.0,93514.71428571429,10.839522044038668
2025-04-23 22:36:53,93514,1856769729693.2544,0.0,93514.57142857143,10.053191866986843
2025-04-23 22:37:12,93504,1856549463433.3,-0.010693585987120446,93513.0,8.81124822518259
2025-04-23 22:37:53,93504,1856549463433.3,0.0,93511.42857142857,8.149203878732742
2025-04-23 22:38:12,93504,1856549463433.3,0.0,93509.85714285714,7.376281167167218
2025-04-23 22:38:54,93466,1856549463433.3,-0.040639972621492326,93502.85714285714,13.001098856493522
2025-04-23 22:39:13,93466,1856549463433.3,0.0,93496.0,16.741735702538477
2025-04-23 22:39:54,93466,1856549463433.3,0.0,93489.14285714286,19.52361207921299
2025-04-23 22:40:13,93469,1855805641860.0908,0.0032097233218397747,93482.71428571429,21.025381487981235
2025-04-23 22:40:54,93469,1855805641860.0908,0.0,93477.71428571429,21.972927066240665
2025-04-23 22:41:13,93469,1855805641860.0908,0.0,93472.71428571429,22.43657728017153
2025-04-23 22:41:54,93462,1855805641860.0908,-0.007489114037806388,93466.71428571429,22.992131160193775
2025-04-23 22:42:14,93462,1855805641860.0908,0.0,93466.14285714286,22.95917702300229
2025-04-23 22:42:55,93439,1855805641860.0908,-0.02460893197234748,93462.28571428571,24.558579144037942
2025-04-23 22:43:14,93439,1855805641860.0908,0.0,93458.42857142857,25.090882427745587
2025-04-23 22:43:55,93439,1855805641860.0908,0.0,93454.14285714286,24.54403234720184
2025-04-23 22:44:14,93433,1855138844869.418,-0.006421301597836493,93449.0,23.401668643271034
2025-04-23 22:44:55,93433,1855138844869.418,0.0,93443.85714285714,22.337242018745787
2025-04-23 22:45:15,93385,1855138844869.418,-0.051373711643643016,93432.85714285714,26.789656853676842
2025-04-23 22:45:56,93385,1855138844869.418,0.0,93421.85714285714,28.311700425880687
2025-04-23 22:46:15,93385,1855138844869.418,0.0,93414.14285714286,31.644152398272947
2025-04-23 22:46:56,93358,1855138844869.418,-0.0289125662579659,93402.57142857143,37.13270923715789
2025-04-23 22:47:15,93358,1855138844869.418,0.0,93391.0,40.56153467623945
2025-04-23 22:47:56,93358,1855138844869.418,0.0,93380.28571428571,42.184063793682505
2025-04-23 22:48:15,93357,1853638985356.5225,-0.001071145482978153,93369.42857142857,42.47385750651105
2025-04-23 22:48:56,93357,1853638985356.5225,0.0,93365.42857142857,41.341205088273156
2025-04-23 22:49:16,93359,1853638985356.5225,0.0021423139132670244,93361.71428571429,39.40969182294882
2025-04-23 22:49:57,93359,1853638985356.5225,0.0,93358.0,36.001587267380486
2025-04-23 22:50:16,93359,1853638985356.5225,0.0,93358.14285714286,34.032477486460614
2025-04-23 22:50:57,93281,1853175397574.3767,-0.08354845274691769,93347.14285714286,39.838005305544314
2025-04-23 22:51:16,93281,1853175397574.3767,0.0,93336.14285714286,42.16837000205673
2025-04-23 22:51:58,93267,1853175397574.3767,-0.015008415432937738,93323.28571428571,44.27167212158245
2025-04-23 22:52:17,93267,1853175397574.3767,0.0,93310.42857142857,43.351498025020256
2025-04-23 22:52:58,93267,1853175397574.3767,0.0,93297.28571428571,45.464585904749626
2025-04-23 22:53:17,93243,1851466084394.3096,-0.02573257422239239,93280.71428571429,48.584928096664804
2025-04-23 22:53:58,93243,1851466084394.3096,0.0,93264.14285714286,49.617777152826314
2025-04-23 22:54:17,93243,1851466084394.3096,0.0,93258.71428571429,51.2358691326558
2025-04-23 22:54:58,93239,1851466084394.3096,-0.004289866263418318,93252.71428571429,51.917058395539776
2025-04-23 22:55:17,93239,1851466084394.3096,0.0,93248.71428571429,51.291139122137544
2025-04-23 22:55:59,93230,1851466084394.3096,-0.009652613176891478,93243.42857142857,50.03779523966841
2025-04-23 22:56:18,93230,1851466084394.3096,0.0,93238.14285714286,47.150518858628224
2025-04-23 22:56:59,93230,1851466084394.3096,0.0,93236.28571428571,41.98162863591497
2025-04-23 22:57:18,93228,1851108767288.495,-0.0021452322213844077,93234.14285714286,33.92821553796737
2025-04-23 22:57:59,93228,1851108767288.495,0.0,93232.0,19.3998036335304
2025-04-23 22:58:18,93228,1851108767288.495,0.0,93230.42857142857,17.656241310373385
2025-04-23 22:58:59,93185,1851108767288.495,-0.04612348221564311,93222.71428571429,20.529421397703974
2025-04-23 22:59:19,93185,1851108767288.495,0.0,93216.28571428571,22.97099620682773
2025-04-23 23:00:00,93176,1850217369170.2444,-0.009658206792939605,93208.57142857143,25.08120146113941
2025-04-23 23:00:19,93176,1850217369170.2444,0.0,93200.85714285714,25.526456864746596
2025-04-23 23:01:00,93176,1850217369170.2444,0.0,93193.42857142857,27.067288288743
2025-04-23 23:01:19,93173,1850217369170.2444,-0.0032197132308731113,93185.57142857143,28.047069281941386
2025-04-23 23:02:00,93173,1850217369170.2444,0.0,93177.71428571429,28.17749862282771
2025-04-23 23:02:20,93173,1850217369170.2444,0.0,93176.0,27.874719730753853
2025-04-23 23:03:01,93193,1850217369170.2444,0.021465445998303245,93177.14285714286,25.979295787066565
2025-04-23 23:03:20,93193,1850217369170.2444,0.0,93179.57142857143,24.535300129589857
2025-04-23 23:04:01,93193,1850217369170.2444,0.0,93182.0,22.71563338470083
2025-04-23 23:04:20,93198,1850377776661.0752,0.005365209833363416,93185.14285714286,20.486464755134442
2025-04-23 23:05:01,93198,1850377776661.0752,0.0,93188.71428571429,18.023265389661173
2025-04-23 23:05:21,93178,1850377776661.0752,-0.02145968797613307,93189.42857142857,14.80283113433933
2025-04-23 23:06:02,93178,1850377776661.0752,0.0,93190.14285714286,9.465727656540848
2025-04-23 23:06:21,93178,1850377776661.0752,0.0,93188.0,9.542885660765656
2025-04-23 23:07:02,93178,1850050714547.609,0.0,93185.85714285714,9.595137661046124
2025-04-23 23:07:22,93178,1850050714547.609,0.0,93183.71428571429,9.515401053587887
2025-04-23 23:08:02,93178,1850050714547.609,0.0,93180.85714285714,9.43297155983853
2025-04-23 23:08:22,93177,1850050714547.609,-0.0010732147073366782,93177.85714285714,9.386920995835588
2025-04-23 23:09:02,93177,1850050714547.609,0.0,93177.71428571429,9.14851016084192
2025-04-23 23:09:22,93177,1850050714547.609,0.0,93177.57142857143,8.8951565242895
2025-04-23 23:10:03,93240,1850050714547.609,0.06761325219744041,93186.42857142857,16.77498137309754
2025-04-23 23:10:22,93240,1850050714547.609,0.0,93195.28571428571,21.56209195768244
2025-04-23 23:11:03,93240,1850050714547.609,0.0,93204.14285714286,25.04814412041823
2025-04-23 23:11:23,93259,1851312777856.3496,0.020377520377512504,93215.71428571429,30.1602071495825
2025-04-23 23:12:03,93259,1851312777856.3496,0.0,93227.42857142857,33.99089514044165
2025-04-23 23:12:23,93259,1851312777856.3496,0.0,93239.14285714286,36.95518521605828
2025-04-23 23:13:04,93243,1851312777856.3496,-0.017156521086436616,93248.57142857143,37.197286128231035
2025-04-23 23:13:23,93243,1851312777856.3496,0.0,93249.0,36.896509062779096
2025-04-23 23:14:04,93243,1851312777856.3496,0.0,93249.42857142857,36.03926430292243
2025-04-23 23:14:24,93243,1851374854609.625,0.0,93249.85714285714,34.58419677734135
2025-04-23 23:15:04,93243,1851374854609.625,0.0,93247.57142857143,32.45098868653657
2025-04-23 23:15:24,93243,1851374854609.625,0.0,93245.28571428571,29.492856279029947
2025-04-23 23:16:05,93237,1851374854609.625,-0.006434799395127477,93242.14285714286,25.19863942037882
2025-04-23 23:16:24,93237,1851374854609.625,0.0,93241.28571428571,19.126645589212057
2025-04-23 23:17:25,93216,1850988447639.472,-0.02252324720872778,93237.42857142857,10.677078255155743
2025-04-23 23:18:25,93216,1850988447639.472,0.0,93233.57142857143,12.754831020147062
2025-04-23 23:19:26,93210,1850988447639.472,-0.006436663233777562,93228.85714285714,15.122358094973608
2025-04-23 23:20:26,93210,1850988447639.472,0.0,93224.14285714286,16.914913117757877
